Id,Name,BirthDate
NV_1,Nhân viên 1,10/28/1982
NV_2,Nhân viên 2,10/25/1987
NV_3,Nhân viên 3,8/24/1995
NV_4,Nhân viên 4,2/4/1981
NV_5,Nhân viên 5,5/15/1994
NV_6,Nhân viên 6,1/22/1986
NV_7,Nhân viên 7,3/6/1994
NV_8,Nhân viên 8,4/8/1980
NV_9,Nhân viên 9,9/22/1991
NV_10,Nhân viên 10,3/26/1984
NV_11,Nhân viên 11,8/1/1990
NV_12,Nhân viên 12,5/26/2000
NV_13,Nhân viên 13,7/21/1983
NV_14,Nhân viên 14,6/29/1990
NV_15,Nhân viên 15,3/1/1998
NV_16,Nhân viên 16,10/6/1992
NV_17,Nhân viên 17,4/12/1986
NV_18,Nhân viên 18,12/18/1991
NV_19,Nhân viên 19,3/19/1984
NV_20,Nhân viên 20,7/20/1983
NV_21,Nhân viên 21,11/28/2000
NV_22,Nhân viên 22,7/9/1987
NV_23,Nhân viên 23,5/2/1982
NV_24,Nhân viên 24,11/24/1987
NV_25,Nhân viên 25,1/28/1996
NV_26,Nhân viên 26,11/7/1999
NV_27,Nhân viên 27,4/15/2000
NV_28,Nhân viên 28,8/5/1984
NV_29,Nhân viên 29,8/24/1984
NV_30,Nhân viên 30,10/4/1980
NV_31,Nhân viên 31,3/30/1989
NV_32,Nhân viên 32,8/7/1983
NV_33,Nhân viên 33,8/5/1998
NV_34,Nhân viên 34,5/17/1983
NV_35,Nhân viên 35,8/23/1983
NV_36,Nhân viên 36,11/19/1983
NV_37,Nhân viên 37,5/25/1995
NV_38,Nhân viên 38,6/7/2000
NV_39,Nhân viên 39,2/16/1992
NV_40,Nhân viên 40,6/18/1987
NV_41,Nhân viên 41,5/22/1987
NV_42,Nhân viên 42,1/18/2000
NV_43,Nhân viên 43,4/16/1982
NV_44,Nhân viên 44,11/12/1990
NV_45,Nhân viên 45,12/18/1988
NV_46,Nhân viên 46,1/7/1987
NV_47,Nhân viên 47,4/28/1995
NV_48,Nhân viên 48,8/20/1997
NV_49,Nhân viên 49,8/7/1996
NV_50,Nhân viên 50,11/20/1993
NV_51,Nhân viên 51,5/8/1989
NV_52,Nhân viên 52,2/22/1992
NV_53,Nhân viên 53,12/6/1989
NV_54,Nhân viên 54,3/3/1992
NV_55,Nhân viên 55,11/25/1991
NV_56,Nhân viên 56,1/6/1999
NV_57,Nhân viên 57,7/21/1983
NV_58,Nhân viên 58,1/22/1984
NV_59,Nhân viên 59,6/21/1989
NV_60,Nhân viên 60,5/16/1990
NV_61,Nhân viên 61,11/2/1993
NV_62,Nhân viên 62,9/11/1989
NV_63,Nhân viên 63,11/16/1998
NV_64,Nhân viên 64,6/2/1984
NV_65,Nhân viên 65,1/25/1991
NV_66,Nhân viên 66,1/17/1999
NV_67,Nhân viên 67,11/13/1993
NV_68,Nhân viên 68,11/19/1989
NV_69,Nhân viên 69,12/31/1989
NV_70,Nhân viên 70,8/26/1982
NV_71,Nhân viên 71,4/8/1993
NV_72,Nhân viên 72,12/18/1990
NV_73,Nhân viên 73,9/30/1988
NV_74,Nhân viên 74,4/20/1998
NV_75,Nhân viên 75,1/26/1990
